î‘çÜ,ínì_ñº,1953,rm,1954,rm,1955,rm,1956,rm,1957,rm,1958,rm,1959,rm,1960,rm,1961,rm,1962,rm,1963,rm,1964,rm,1965,rm,1966,rm,1967,rm,1968,rm,1969,rm,1970,rm,1971,rm,1972,rm,1973,rm,1974,rm,1975,rm
401,ítì‡,427,8,425,8,428,8,420,8,422,8,511,8,410,8,503,8,503,8,423,8,506,8,502,8,505,8,-,-,-,-,-,-,-,-,-,-,-,-,-,-,-,-,-,-,428,8
406,óØñG,-,-,-,-,-,-,-,-,-,-,-,-,-,-,-,-,-,-,-,-,-,-,-,-,-,-,-,-,-,-,-,-,-,-,-,-,-,-,-,-,-,-,-,-,-,-
407,àÆêÏ,-,-,-,-,-,-,-,-,426,8,-,-,-,-,-,-,-,-,-,-,-,-,-,-,-,-,-,-,-,-,-,-,-,-,-,-,-,-,-,-,-,-,-,-,-,-
409,ñ‘ëñ,-,-,-,-,-,-,-,-,-,-,-,-,-,-,-,-,503,8,426,8,-,-,-,-,504,8,-,-,-,-,-,-,503,8,526,8,-,-,-,-,-,-,-,-,-,-
412,éDñy,504,8,503,8,514,8,-,-,417,8,-,-,-,-,-,-,501,8,503,8,520,8,528,8,415,8,426,8,504,8,412,8,428,8,429,8,418,8,-,-,-,-,-,-,-,-
413,ä‚å©ëÚ,-,-,-,-,-,-,-,-,-,-,-,-,-,-,-,-,-,-,-,-,-,-,-,-,-,-,-,-,-,-,-,-,-,-,-,-,-,-,-,-,-,-,-,-,-,-
417,ë—çL,-,-,-,-,-,-,-,-,-,-,-,-,-,-,-,-,-,-,-,-,-,-,-,-,-,-,-,-,-,-,-,-,-,-,-,-,-,-,-,-,-,-,-,-,-,-
418,ã˙òH,-,-,-,-,-,-,-,-,-,-,-,-,-,-,-,-,-,-,-,-,-,-,-,-,-,-,-,-,-,-,-,-,-,-,-,-,-,-,-,-,-,-,-,-,-,-
420,ç™é∫,-,-,-,-,-,-,-,-,-,-,-,-,-,-,-,-,-,-,-,-,-,-,-,-,-,-,-,-,-,-,-,-,512,8,-,-,-,-,-,-,-,-,-,-,-,-
423,é∫óñ,510,8,410,8,422,8,416,8,418,8,420,8,422,8,503,8,419,8,416,8,416,8,419,8,418,8,425,8,424,8,422,8,416,8,412,8,419,8,422,8,420,8,419,8,420,8
426,âYâÕ,416,8,403,8,330,8,415,8,419,8,426,8,-,-,410,8,-,-,-,-,-,-,-,-,-,-,-,-,-,-,-,-,510,8,-,-,-,-,-,-,-,-,-,-,430,8
428,ç]ç∑,-,-,505,8,502,8,501,8,420,8,407,8,405,8,423,8,425,8,410,8,404,8,426,8,503,8,-,-,-,-,-,-,-,-,-,-,503,8,-,-,-,-,-,-,427,8
430,îüäŸ,-,-,-,-,-,-,409,8,-,-,-,-,-,-,-,-,-,-,-,-,-,-,-,-,-,-,-,-,-,-,-,-,-,-,-,-,-,-,-,-,-,-,-,-,-,-
433,ã‰ímà¿,426,8,-,-,-,-,-,-,-,-,-,-,430,8,502,8,-,-,-,-,-,-,-,-,-,-,-,-,-,-,-,-,-,-,-,-,-,-,-,-,-,-,-,-,-,-
435,ñ‰ï ,-,-,-,-,-,-,-,-,429,8,504,8,-,-,-,-,-,-,-,-,-,-,-,-,-,-,-,-,-,-,-,-,-,-,-,-,-,-,-,-,-,-,-,-,-,-
440,çLîˆ,-,-,-,-,-,-,-,-,-,-,504,8,505,8,-,-,-,-,-,-,-,-,-,-,-,-,-,-,-,-,-,-,-,-,-,-,513,8,414,8,420,8,-,-,426,8
520,êVèØ,-,-,-,-,-,-,-,-,-,-,420,8,409,8,-,-,424,8,-,-,-,-,-,-,-,-,-,-,-,-,501,8,413,8,-,-,-,-,-,-,409,8,-,-,-,-
575,ê¬êX,-,-,-,-,-,-,-,-,-,-,-,-,-,-,-,-,-,-,-,-,-,-,-,-,-,-,-,-,-,-,-,-,-,-,-,-,-,-,-,-,-,-,-,-,-,-
581,î™åÀ,422,8,501,8,-,-,-,-,518,8,-,-,327,8,-,-,422,8,522,8,511,8,-,-,-,-,-,-,-,-,-,-,-,-,-,-,-,-,-,-,-,-,-,-,-,-
582,èHìc,405,8,417,8,408,8,412,8,410,8,420,8,409,8,403,8,-,-,408,8,413,8,417,8,428,8,413,8,422,8,417,8,414,8,418,8,416,8,410,8,413,8,424,8,420,8
584,ê∑â™,408,8,415,8,413,8,411,8,417,8,405,8,410,8,411,8,414,8,316,8,-,-,409,8,424,8,407,8,331,8,416,8,413,8,414,8,419,8,318,8,316,8,410,8,404,8
585,ã{å√,330,8,402,8,407,8,406,8,410,8,-,-,312,8,403,8,324,8,406,8,410,8,411,8,419,8,428,8,411,8,413,8,411,8,-,-,-,-,430,8,-,-,-,-,-,-
587,éìc,410,8,417,8,418,8,422,8,420,8,415,8,420,8,413,8,430,8,-,-,-,-,426,8,-,-,428,8,-,-,-,-,410,8,-,-,-,-,-,-,414,8,415,8,417,8
588,éRå`,-,-,405,8,-,-,-,-,410,8,-,-,-,-,-,-,-,-,-,-,-,-,-,-,430,8,-,-,-,-,-,-,-,-,-,-,-,-,-,-,-,-,414,8,413,8
590,êÂë‰,310,8,310,8,312,8,319,8,317,8,408,8,320,8,-,-,331,8,-,-,-,-,304,8,319,8,320,8,325,8,316,8,409,8,312,8,301,8,319,8,330,8,409,8,314,8
595,ïüìá,313,8,301,8,313,8,317,8,303,8,325,8,309,8,324,8,304,8,325,8,227,8,307,8,307,8,303,8,312,8,301,8,405,8,408,8,-,-,218,8,308,8,304,8,312,8
597,îíâÕ,310,8,315,8,313,8,317,8,319,8,310,8,305,8,321,8,329,8,316,8,322,8,324,8,329,8,322,8,401,8,315,8,320,8,322,8,328,8,319,8,330,8,415,8,412,8
598,è¨ñºïl,310,8,318,8,226,8,317,8,321,8,316,8,308,8,305,8,302,8,302,8,221,8,311,8,310,8,308,8,316,8,307,8,317,8,317,8,318,8,320,8,307,8,403,8,312,8
600,ó÷ìá,319,8,315,8,320,8,318,8,317,8,317,8,218,8,211,8,404,8,402,8,414,8,328,8,318,8,314,8,220,8,310,8,320,8,325,8,-,-,309,8,308,8,316,8,309,8
602,ëäêÏ,227,8,225,8,307,8,305,8,226,8,224,8,219,8,229,8,302,8,225,8,312,8,304,8,315,8,226,8,223,8,304,8,218,8,221,8,227,8,312,8,302,8,306,8,309,8
604,êVäÉ,-,-,-,-,411,8,-,-,408,8,-,-,-,-,318,8,329,8,-,-,-,-,413,8,414,8,-,-,-,-,323,8,414,8,415,8,-,-,318,8,-,-,313,8,404,8
605,ã‡ëÚ,226,8,226,8,227,8,318,8,402,8,310,8,224,8,303,8,318,8,309,8,320,8,224,8,-,-,313,8,402,8,326,8,326,8,228,8,-,-,311,8,310,8,323,8,319,8
607,ïxéR,-,-,305,8,-,-,404,8,319,8,-,-,403,8,-,-,-,-,-,-,-,-,316,8,-,-,-,-,-,-,-,-,-,-,-,-,406,8,309,8,320,8,308,8,315,8
610,í∑ñÏ,408,8,404,8,409,8,327,8,410,8,407,8,327,8,315,8,310,8,318,8,421,8,321,8,326,8,411,8,328,8,318,8,405,8,330,8,407,8,319,8,319,8,407,8,327,8
612,çÇìc,321,8,301,8,320,8,412,8,408,8,324,8,316,8,319,8,329,8,331,8,325,8,329,8,412,8,327,8,406,8,407,8,328,8,408,8,326,8,330,8,331,8,402,8,312,8
615,âFìsã{,311,8,221,8,211,8,220,8,308,8,311,8,313,8,305,8,307,8,311,8,311,8,305,8,309,8,312,8,321,8,318,8,303,8,324,8,302,8,308,8,305,8,303,8,312,8
616,ïüà‰,306,8,404,8,312,8,227,8,320,8,420,8,220,8,-,-,-,-,401,8,-,-,229,8,205,8,218,8,-,-,-,-,-,-,-,-,-,-,-,-,228,8,415,8,423,8
617,çÇéR,406,8,407,8,403,8,410,8,409,8,421,8,402,8,409,8,404,8,401,8,414,8,411,8,416,8,402,8,401,8,407,8,407,8,412,8,409,8,404,8,413,8,413,8,410,8
618,èºñ{,324,8,331,8,322,8,313,8,406,8,312,8,306,8,305,8,320,8,401,8,410,8,403,8,415,8,402,8,331,8,403,8,325,8,404,8,412,8,315,8,306,8,311,8,314,8
624,ëOã¥,308,8,305,8,307,8,307,8,310,8,308,8,301,8,302,8,223,8,303,8,308,8,301,8,218,8,227,8,317,8,320,8,313,8,403,8,221,8,314,8,312,8,226,8,315,8
626,åFíJ,311,8,227,8,219,8,305,8,317,8,225,8,308,8,306,8,315,8,309,8,318,8,316,8,312,8,304,8,311,8,315,8,313,8,321,8,318,8,226,8,218,8,314,8,-,-
629,êÖåÀ,226,8,228,8,210,8,303,8,205,8,215,8,303,8,305,8,228,8,319,8,315,8,315,8,325,8,324,8,310,8,314,8,301,8,315,8,315,8,303,8,218,8,304,8,305,8
631,ì÷âÍ,331,8,330,8,317,8,319,8,402,8,311,8,-,-,-,-,327,8,402,8,-,-,323,8,320,8,-,-,-,-,-,-,412,8,322,8,-,-,312,8,313,8,-,-,-,-
632,äÚïå,303,8,303,8,307,8,313,8,314,8,-,-,-,-,-,-,314,8,310,8,-,-,-,-,317,8,303,8,215,8,218,8,-,-,-,-,-,-,-,-,131,8,219,8,-,-
636,ñºå√âÆ,314,8,326,8,308,8,301,8,309,8,312,8,218,8,229,8,302,8,218,8,314,8,227,8,217,8,304,8,314,8,228,8,303,8,220,8,227,8,225,8,310,8,315,8,312,8
637,î—ìc,310,8,320,8,310,8,311,8,313,8,316,8,315,8,313,8,312,8,320,8,401,8,302,8,318,8,307,8,326,8,306,8,321,8,313,8,318,8,316,8,311,8,307,8,321,8
638,çbï{,309,8,228,8,303,8,301,8,317,8,305,8,215,8,312,8,219,8,304,8,315,8,227,8,207,8,219,8,305,8,313,8,310,8,314,8,-,-,317,8,412,8,310,8,326,8
648,í∂éq,311,8,208,8,202,8,307,8,218,8,217,8,215,8,229,8,301,8,210,8,226,8,216,8,127,8,205,8,216,8,228,8,209,8,206,8,219,8,112,8,220,8,304,8,311,8
651,í√,310,8,225,8,223,8,223,8,303,8,310,8,317,8,307,8,312,8,312,8,315,8,310,8,324,8,303,8,308,8,308,8,208,8,225,8,315,8,222,8,310,8,321,8,210,8
654,ïlèº,228,8,203,8,208,8,224,8,224,8,225,8,204,8,303,8,305,8,224,8,314,8,221,8,227,8,212,8,222,8,313,8,319,8,328,8,226,8,222,8,308,8,321,8,312,8
656,ê√â™,222,8,221,8,302,8,216,8,220,8,224,8,223,8,229,8,315,8,318,8,319,8,306,8,-,-,218,8,302,8,218,8,213,8,314,8,224,8,310,8,302,8,323,8,315,8
î‘çÜ,ínì_ñº,1953,rm,1954,rm,1955,rm,1956,rm,1957,rm,1958,rm,1959,rm,1960,rm,1961,rm,1962,rm,1963,rm,1964,rm,1965,rm,1966,rm,1967,rm,1968,rm,1969,rm,1970,rm,1971,rm,1972,rm,1973,rm,1974,rm,1975,rm
662,ìåãû,-,-,302,8,130,8,220,8,318,8,228,8,-,-,-,-,-,-,-,-,-,-,-,-,-,-,-,-,305,8,303,8,302,8,313,8,307,8,303,8,304,8,303,8,308,8
663,îˆòh,320,8,202,8,226,8,-,-,-,-,-,-,212,8,225,8,221,8,-,-,-,-,214,8,219,8,222,8,301,8,327,8,330,8,209,8,207,8,215,8,309,8,303,8,302,8
670,â°ïl,308,8,228,8,302,8,311,8,303,8,218,8,312,8,301,8,-,-,317,8,224,8,320,8,-,-,-,-,-,-,-,-,323,8,-,-,318,8,-,-,223,8,223,8,312,8
672,äŸéR,-,-,-,-,-,-,-,-,-,-,-,-,-,-,-,-,-,-,-,-,-,-,-,-,-,-,-,-,-,-,-,-,-,-,310,8,301,8,306,8,228,8,312,8,302,8
675,ëÂìá,212,8,210,8,131,8,208,8,205,8,-,-,-,-,126,8,210,8,124,8,115,8,213,8,124,8,208,8,225,8,217,8,212,8,216,8,204,8,127,8,130,8,305,8,209,8
677,éOëÓìá,-,-,107,8,114,8,1227,8,1226,8,121,8,129,8,109,8,-,-,113,8,126,8,114,8,126,8,128,8,125,8,130,8,127,8,112,8,129,8,212,8,130,8,214,8,129,8
678,î™è‰ìá,111,8,129,8,110,8,101,8,106,8,124,8,113,8,115,8,115,8,112,8,128,8,128,8,103,8,111,8,114,8,124,8,1225,8,102,8,120,8,121,8,108,8,214,8,202,8
740,êºãΩ,228,8,119,8,219,8,302,8,302,8,107,8,212,8,209,8,218,8,220,8,306,8,228,8,310,8,-,-,-,-,-,-,-,-,-,-,-,-,-,-,-,-,-,-,-,-
741,èºç],311,8,313,8,219,8,315,8,306,8,-,-,-,-,302,8,317,8,305,8,-,-,310,8,318,8,311,8,-,-,402,8,321,8,310,8,321,8,321,8,310,8,302,8,308,8
744,ïƒéq,-,-,-,-,311,8,306,8,-,-,-,-,-,-,-,-,-,-,310,8,-,-,403,8,301,8,301,8,217,8,-,-,304,8,322,8,328,8,320,8,219,8,310,8,310,8
746,íπéÊ,312,8,317,8,224,8,226,8,310,8,223,8,306,8,306,8,316,8,315,8,318,8,301,8,319,8,313,8,223,8,316,8,219,8,326,8,225,8,310,8,324,8,329,8,308,8
747,ñLâ™,307,8,315,8,228,8,315,8,330,8,314,8,306,8,312,8,405,8,-,-,-,-,-,-,-,-,-,-,320,8,-,-,-,-,-,-,325,8,-,-,315,8,328,8,317,8
750,ïëíﬂ,-,-,318,8,227,8,316,8,321,8,-,-,-,-,315,8,315,8,310,8,303,8,228,8,303,8,318,8,319,8,319,8,323,8,328,8,326,8,228,8,321,8,305,8,308,8
755,ïlìc,226,8,-,-,-,-,205,8,214,8,310,8,309,8,313,8,-,-,222,8,-,-,-,-,315,8,302,8,316,8,328,8,307,8,315,8,321,8,315,8,225,8,330,8,306,8
759,ãûìs,301,8,214,8,205,8,214,8,317,8,310,8,210,8,221,8,227,8,225,8,403,8,318,8,-,-,-,-,211,8,227,8,313,8,-,-,-,-,131,8,304,8,320,8,320,8
761,ïFç™,226,8,224,8,213,8,224,8,315,8,226,8,222,8,227,8,225,8,222,8,311,8,301,8,226,8,221,8,221,8,228,8,220,8,220,8,226,8,223,8,222,8,322,8,320,8
762,â∫ä÷,224,8,303,8,225,8,322,8,317,8,224,8,123,8,312,8,220,8,-,-,319,8,309,8,-,-,-,-,-,-,-,-,-,-,225,8,307,8,218,8,218,8,216,8,315,8
765,çLìá,301,8,227,8,218,8,225,8,223,8,-,-,211,8,309,8,301,8,306,8,-,-,-,-,221,8,228,8,319,8,315,8,-,-,301,8,309,8,-,-,304,8,317,8,-,-
768,â™éR,-,-,301,8,-,-,315,8,328,8,-,-,-,-,-,-,-,-,325,8,-,-,-,-,-,-,-,-,-,-,-,-,-,-,-,-,-,-,-,-,-,-,-,-,-,-
770,ê_åÀ,227,8,302,8,308,8,309,8,224,8,312,8,214,8,-,-,307,8,307,8,-,-,305,8,406,8,311,8,320,8,304,8,324,8,-,-,329,8,304,8,301,8,320,8,312,8
772,ëÂç„,-,-,-,-,-,-,-,-,-,-,-,-,-,-,-,-,-,-,-,-,-,-,-,-,-,-,-,-,-,-,-,-,-,-,-,-,-,-,-,-,-,-,-,-,-,-
776,èFñ{,227,8,301,8,301,8,305,8,220,8,305,8,307,8,229,8,307,8,314,8,318,8,210,8,322,8,310,8,303,8,321,8,315,8,327,8,320,8,317,8,223,8,303,8,308,8
777,òaâÃéR,-,-,-,-,-,-,401,8,317,8,-,-,310,8,218,8,224,8,317,8,318,8,326,8,-,-,410,8,306,8,-,-,402,8,-,-,-,-,312,8,310,8,314,8,410,8
778,í™ñ¶,212,8,-,-,-,-,-,-,-,-,-,-,-,-,-,-,-,-,214,8,218,8,229,8,205,8,215,8,222,8,301,8,220,8,305,8,223,8,217,8,216,8,222,8,302,8
780,ìﬁó«,-,-,226,8,215,8,304,8,303,8,225,8,220,8,224,8,306,8,224,8,302,8,229,8,226,8,301,8,223,8,325,8,207,8,214,8,201,8,315,8,303,8,305,8,304,8
800,åµå¥,212,8,210,8,217,8,204,8,213,8,219,8,216,8,207,8,228,8,206,8,326,8,226,8,228,8,212,8,309,8,322,8,324,8,313,8,315,8,210,8,204,8,308,8,220,8
807,ïüâ™,301,8,328,8,210,8,309,8,310,8,301,8,204,8,304,8,307,8,314,8,331,8,-,-,303,8,322,8,-,-,-,-,305,8,312,8,327,8,-,-,307,8,304,8,307,8
813,ç≤âÍ,302,8,302,8,226,8,303,8,220,8,225,8,-,-,302,8,205,8,223,8,222,8,310,8,318,8,303,8,220,8,304,8,228,8,310,8,222,8,207,8,205,8,220,8,310,8
815,ëÂï™,-,-,-,-,-,-,315,8,306,8,314,8,315,8,305,8,311,8,312,8,302,8,314,8,-,-,226,8,311,8,302,8,-,-,-,-,-,-,-,-,-,-,308,8,304,8
817,í∑çË,201,8,201,8,208,8,202,8,216,8,201,8,210,8,211,8,227,8,228,8,303,8,204,8,222,8,306,8,227,8,316,8,317,8,301,8,315,8,310,8,216,8,302,8,303,8
819,åFñ{,307,8,210,8,204,8,304,8,228,8,227,8,225,8,226,8,308,8,306,8,304,8,302,8,315,8,303,8,315,8,326,8,316,8,301,8,308,8,311,8,221,8,305,8,213,8
822,âÑâ™,-,-,-,-,-,-,-,-,-,-,-,-,-,-,-,-,-,-,211,8,314,8,311,8,226,8,301,8,308,8,322,8,324,8,324,8,224,8,224,8,301,8,306,8,226,8
827,é≠éôìá,212,8,216,8,307,8,310,8,307,8,302,8,227,8,225,8,305,8,316,8,318,8,-,-,-,-,327,8,314,8,-,-,-,-,-,-,-,-,-,-,-,-,-,-,227,8
830,ã{çË,209,8,224,8,220,8,215,8,-,-,225,8,213,8,221,8,224,8,227,8,215,8,211,8,-,-,220,8,217,8,228,8,209,8,216,8,225,8,220,8,211,8,301,8,408,8
836,âÆãvìá,228,8,224,8,301,8,323,8,221,8,310,8,218,8,222,8,223,8,312,8,307,8,305,8,307,8,305,8,307,8,310,8,306,8,228,8,228,8,310,8,215,8,303,8,306,8
837,éÌéqìá,221,8,209,8,203,8,201,8,127,8,207,8,209,8,208,8,224,8,209,8,212,8,127,8,216,8,212,8,220,8,229,8,-,-,-,-,222,8,211,8,303,8,219,8,218,8
843,ïüç],331,8,403,8,328,8,318,8,323,8,316,8,305,8,322,8,-,-,-,-,-,-,317,8,310,8,309,8,308,8,303,8,307,8,-,-,318,8,316,8,319,8,308,8,303,8
887,èºéR,308,8,220,8,125,8,327,8,303,8,310,8,320,8,318,8,-,-,-,-,-,-,321,8,-,-,308,8,-,-,-,-,-,-,-,-,-,-,-,-,-,-,-,-,-,-
891,çÇèº,-,-,-,-,-,-,-,-,-,-,-,-,-,-,-,-,-,-,-,-,-,-,-,-,-,-,-,-,-,-,-,-,-,-,-,-,-,-,-,-,-,-,-,-,-,-
892,âFòaìá,224,8,204,8,212,8,210,8,217,8,220,8,217,8,216,8,227,8,217,8,-,-,-,-,312,8,323,8,313,8,315,8,324,8,-,-,321,8,314,8,302,8,303,8,302,8
893,çÇím,-,-,-,-,312,8,-,-,220,8,309,8,-,-,-,-,-,-,-,-,-,-,-,-,-,-,-,-,-,-,-,-,-,-,-,-,-,-,-,-,-,-,-,-,-,-
895,ìøìá,224,8,224,8,317,8,-,-,-,-,-,-,-,-,-,-,-,-,-,-,-,-,-,-,-,-,-,-,-,-,-,-,-,-,-,-,-,-,-,-,-,-,-,-,-,-
909,ñºê£,130,8,-,-,127,8,222,8,302,8,108,8,225,8,108,8,-,-,-,-,-,-,-,-,-,-,-,-,-,-,-,-,-,-,-,-,106,8,319,8,224,8,-,-,224,8
912,ó^ìﬂçëìá,-,-,-,-,-,-,-,-,-,-,306,8,-,-,-,-,-,-,-,-,305,8,315,8,130,8,125,8,213,8,213,8,208,8,201,8,208,8,125,8,215,8,224,8,311,8
917,êºï\ìá,-,-,-,-,205,8,-,-,221,8,217,8,204,8,303,8,206,8,211,8,206,8,228,8,208,8,228,8,-,-,-,-,-,-,-,-,212,8,218,8,212,8,301,8,224,8
918,êŒä_ìá,120,8,119,8,206,8,116,8,302,8,224,8,101,8,109,8,126,8,214,8,208,8,314,8,126,8,202,8,223,8,112,8,120,8,125,8,206,8,201,8,131,8,218,8,201,8
927,ã{å√ìá,226,8,-,-,206,8,130,8,202,8,105,8,1225,8,227,8,224,8,218,8,123,8,-,-,321,8,212,8,220,8,129,8,122,8,213,8,-,-,203,8,206,8,210,8,209,8
929,ãvïƒìá,-,-,-,-,-,-,-,-,-,-,-,-,-,-,-,-,-,-,206,8,209,8,203,8,129,8,131,8,-,-,227,8,-,-,-,-,210,8,308,8,306,8,312,8,-,-
936,ìﬂîe,-,-,-,-,-,-,-,-,-,-,311,8,219,8,-,-,305,8,306,8,321,8,-,-,-,-,210,8,-,-,-,-,-,-,312,8,213,8,307,8,203,8,206,8,211,8
940,ñºåÏ,-,-,-,-,-,-,-,-,-,-,-,-,-,-,-,-,-,-,-,-,-,-,-,-,-,-,-,-,-,-,-,-,-,-,-,-,210,8,125,8,119,8,-,-,126,8
945,ìÏëÂìåìá,-,-,-,-,-,-,-,-,-,-,-,-,-,-,-,-,-,-,-,-,-,-,-,-,-,-,-,-,-,-,-,-,-,-,-,-,-,-,-,-,-,-,-,-,-,-
î‘çÜ,ínì_ñº,1976,rm,1977,rm,1978,rm,1979,rm,1980,rm,1981,rm,1982,rm,1983,rm,1984,rm,1985,rm,1986,rm,1987,rm,1988,rm,1989,rm,1990,rm,1991,rm,1992,rm,1993,rm,1994,rm,1995,rm,,,,,,
401,ítì‡,503,8,514,8,504,8,508,8,503,8,426,8,429,8,424,8,517,8,430,8,503,9,427,9,429,9,507,9,505,9,506,9,503,9,430,9,423,9,430,9,,,,,,
406,óØñG,-,-,-,-,-,-,-,-,-,-,-,-,-,-,-,-,-,-,-,-,-,-,-,-,-,-,-,-,-,-,-,-,-,-,-,-,-,-,-,-,,,,,,
407,àÆêÏ,-,-,-,-,-,-,-,-,-,-,-,-,-,-,-,-,-,-,-,-,-,-,-,-,-,-,-,-,-,-,-,-,-,-,-,-,-,-,-,-,,,,,,
409,ñ‘ëñ,-,-,-,-,503,8,520,8,524,8,506,8,511,8,-,-,-,-,427,8,509,9,430,9,506,9,512,9,426,9,515,9,509,9,501,9,509,9,510,9,,,,,,
412,éDñy,-,-,426,8,-,-,508,8,507,8,428,8,423,8,415,8,509,8,-,-,-,-,-,-,-,-,-,-,-,-,-,-,-,-,-,-,-,-,-,-,,,,,,
413,ä‚å©ëÚ,-,-,-,-,-,-,-,-,-,-,-,-,-,-,-,-,-,-,-,-,-,-,-,-,-,-,-,-,-,-,-,-,-,-,-,-,-,-,-,-,,,,,,
417,ë—çL,-,-,-,-,-,-,-,-,-,-,-,-,-,-,-,-,-,-,-,-,-,-,-,-,-,-,-,-,-,-,-,-,-,-,-,-,-,-,-,-,,,,,,
418,ã˙òH,-,-,-,-,-,-,-,-,-,-,-,-,-,-,-,-,-,-,-,-,-,-,-,-,-,-,-,-,-,-,-,-,-,-,-,-,-,-,-,-,,,,,,
420,ç™é∫,-,-,-,-,-,-,-,-,-,-,-,-,-,-,-,-,-,-,-,-,-,-,-,-,-,-,-,-,-,-,-,-,-,-,-,-,-,-,-,-,,,,,,
423,é∫óñ,426,8,421,8,410,8,423,8,503,8,409,8,330,8,411,8,426,8,426,8,501,8,423,8,425,8,413,8,407,8,414,8,426,8,421,8,415,8,429,8,,,,,,
426,âYâÕ,-,-,-,-,-,-,428,8,-,-,418,8,425,8,416,8,428,8,422,8,426,9,418,9,506,9,414,9,413,9,417,9,419,9,504,9,425,9,429,9,,,,,,
428,ç]ç∑,420,8,422,8,422,8,420,8,426,8,502,8,408,8,411,8,426,8,414,8,418,9,417,9,414,9,331,9,411,9,424,9,424,9,416,9,415,9,429,9,,,,,,
430,îüäŸ,-,-,-,-,-,-,-,-,-,-,506,8,429,8,412,8,502,8,426,8,418,9,410,9,412,9,409,9,411,9,406,9,419,9,417,9,419,9,422,9,,,,,,
433,ã‰ímà¿,519,8,426,8,501,8,-,-,-,-,-,-,-,-,-,-,512,8,428,8,507,9,-,-,-,-,508,9,508,9,507,9,420,9,426,9,427,9,428,9,,,,,,
435,ñ‰ï ,-,-,-,-,-,-,-,-,-,-,-,-,-,-,-,-,-,-,-,-,-,-,-,-,-,-,-,-,-,-,-,-,-,-,-,-,-,-,-,-,,,,,,
440,çLîˆ,-,-,-,-,505,8,505,8,427,8,421,8,-,-,420,8,427,8,-,-,503,8,430,8,418,8,501,8,502,9,501,8,510,9,429,8,427,8,-,-,,,,,,
520,êVèØ,425,8,423,8,503,8,420,8,413,8,414,8,422,8,418,8,430,8,502,8,430,9,418,9,418,9,414,9,412,9,415,9,423,9,419,9,424,9,508,9,,,,,,
575,ê¬êX,-,-,-,-,-,-,426,8,424,8,421,8,-,-,503,8,511,8,425,8,501,9,420,9,413,9,405,9,411,9,411,9,408,9,414,9,416,9,421,9,,,,,,
581,î™åÀ,-,-,-,-,-,-,424,8,-,-,504,8,-,-,430,8,526,8,-,-,518,8,429,9,426,9,504,9,428,9,429,8,-,-,506,9,510,9,-,-,,,,,,
582,èHìc,415,8,407,8,413,8,408,8,413,8,419,8,421,8,406,8,506,8,414,8,-,-,418,9,417,9,406,9,412,9,406,9,421,9,318,9,409,9,423,9,,,,,,
584,ê∑â™,419,8,413,8,326,8,321,8,326,8,318,8,314,8,404,8,417,8,406,8,414,9,417,9,412,8,322,8,327,8,330,8,421,9,414,9,407,8,324,8,,,,,,
585,ã{å√,425,8,-,-,415,8,-,-,412,8,409,8,405,8,410,8,418,8,411,8,410,9,408,9,330,8,402,8,403,8,410,9,402,9,421,8,317,8,330,8,,,,,,
587,éìc,427,8,-,-,418,8,417,8,421,8,-,-,422,8,418,8,518,8,418,8,430,9,428,9,506,8,505,9,415,8,410,9,409,9,-,-,412,9,-,-,,,,,,
588,éRå`,408,8,415,8,-,-,-,-,420,8,428,8,424,8,418,8,413,8,418,8,422,9,420,9,-,-,313,9,-,-,409,9,403,9,402,9,407,9,411,9,,,,,,
590,êÂë‰,317,8,313,8,329,8,314,8,327,8,317,8,308,8,325,8,329,8,319,8,314,9,227,9,330,9,307,9,217,9,308,9,228,9,221,9,301,9,322,9,,,,,,
595,ïüìá,304,8,305,8,306,8,313,8,307,8,318,8,304,8,306,8,316,8,318,8,311,8,309,8,308,8,304,8,306,9,318,9,304,9,307,9,227,8,315,9,,,,,,
597,îíâÕ,315,8,329,8,329,8,311,8,316,8,326,8,323,8,316,8,412,8,326,8,408,9,323,9,411,9,329,8,310,9,319,9,325,9,402,9,403,9,315,9,,,,,,
598,è¨ñºïl,312,8,315,8,314,8,211,8,402,8,318,8,225,8,304,8,420,8,306,8,402,9,319,9,318,9,318,9,308,9,318,9,331,9,323,9,317,9,316,9,,,,,,
600,ó÷ìá,312,8,307,8,310,8,226,8,307,8,313,8,316,8,309,8,413,8,314,8,318,9,314,9,312,9,220,8,304,9,319,9,309,9,303,9,313,9,319,9,,,,,,
602,ëäêÏ,307,8,320,8,308,8,216,8,317,8,321,8,405,8,320,8,415,8,318,8,319,8,314,8,328,9,313,8,328,9,326,9,223,8,306,8,318,8,319,8,,,,,,
604,êVäÉ,-,-,406,8,407,8,309,8,410,8,415,8,330,8,327,8,421,8,407,8,409,9,314,9,409,8,304,9,316,8,319,8,329,9,420,9,318,9,322,9,,,,,,
605,ã‡ëÚ,-,-,404,8,318,8,326,8,402,8,409,8,308,8,325,8,423,8,411,8,414,9,310,9,311,9,220,9,304,9,313,8,302,9,328,9,313,9,406,9,,,,,,
607,ïxéR,-,-,-,-,320,8,225,8,-,-,320,8,312,8,322,8,405,8,322,8,321,9,220,9,302,9,303,9,316,9,306,9,311,9,312,9,331,9,324,9,,,,,,
610,í∑ñÏ,401,8,405,8,418,8,317,8,303,8,326,8,322,8,316,8,331,8,329,8,326,9,314,8,403,9,310,9,303,9,307,9,226,9,324,9,327,9,329,9,,,,,,
612,çÇìc,403,8,403,8,325,8,317,8,324,8,314,8,310,8,311,8,418,8,406,8,413,9,401,9,405,8,330,9,403,9,411,9,328,9,330,9,403,9,414,9,,,,,,
615,âFìsã{,309,8,302,8,308,8,214,8,225,8,308,8,309,8,302,8,322,8,324,8,301,9,306,8,122,9,302,9,316,9,305,9,308,8,225,9,317,9,306,9,,,,,,
616,ïüà‰,227,8,223,8,-,-,225,8,-,-,-,-,-,-,-,-,-,-,415,8,412,9,406,9,315,9,313,9,223,9,318,9,228,8,219,9,322,9,331,9,,,,,,
617,çÇéR,401,8,413,8,421,8,417,8,416,8,410,8,415,8,411,8,425,8,408,8,411,9,405,9,406,9,324,9,329,9,331,9,330,9,323,9,330,9,320,9,,,,,,
618,èºñ{,224,8,410,8,307,8,307,8,224,8,324,8,408,8,316,8,321,8,322,8,412,9,416,8,406,8,223,8,323,8,411,9,403,8,-,-,406,8,405,9,,,,,,
624,ëOã¥,308,8,226,8,227,8,322,8,307,8,324,8,310,8,303,8,318,8,301,8,226,9,224,9,302,9,210,9,218,9,122,9,228,9,310,9,301,9,304,9,,,,,,
626,åFíJ,-,-,304,8,308,8,224,8,328,8,313,8,307,8,303,8,307,8,227,8,224,8,225,9,303,9,217,9,306,9,310,8,229,8,223,8,301,9,228,9,,,,,,
629,êÖåÀ,303,8,228,8,313,8,224,8,305,8,315,8,303,8,301,8,307,8,319,8,403,9,320,9,314,8,227,8,225,9,303,9,303,9,318,9,312,8,228,8,,,,,,
631,ì÷âÍ,305,8,-,-,306,8,-,-,321,8,422,8,311,8,319,8,-,-,-,-,-,-,315,9,313,9,309,9,323,9,326,8,330,8,322,9,402,8,-,-,,,,,,
632,äÚïå,229,8,308,8,220,8,309,8,313,8,219,8,217,8,208,8,320,8,210,8,303,9,310,9,225,9,211,9,222,9,309,8,228,8,321,9,304,9,-,-,,,,,,
636,ñºå√âÆ,226,8,307,8,213,8,203,8,313,8,315,8,228,8,224,8,327,8,307,8,307,8,303,9,312,9,220,9,302,9,314,9,312,8,306,9,309,8,314,8,,,,,,
637,î—ìc,228,8,313,8,321,8,322,8,310,8,320,8,311,8,326,8,414,8,320,8,329,9,312,8,321,9,309,8,305,8,325,8,316,9,323,8,402,9,315,8,,,,,,
638,çbï{,316,8,301,8,318,8,226,8,304,8,303,8,220,8,301,8,225,8,306,8,402,8,307,9,214,8,314,9,228,8,-,-,312,9,317,8,315,9,312,9,,,,,,
648,í∂éq,229,8,224,8,305,8,214,8,229,8,213,8,228,8,211,8,307,8,304,8,223,9,208,9,306,9,225,9,223,9,211,9,226,9,223,9,311,9,307,9,,,,,,
651,í√,228,8,224,8,214,8,222,8,222,8,-,-,301,8,315,8,307,8,310,8,306,9,305,8,306,9,309,9,217,9,302,9,305,9,305,9,217,9,314,9,,,,,,
654,ïlèº,311,8,310,8,218,8,215,8,129,8,309,8,203,8,224,8,317,8,316,8,220,9,315,9,315,9,219,9,228,9,-,-,229,9,225,9,306,9,305,9,,,,,,
656,ê√â™,227,8,307,8,220,8,212,8,311,8,312,8,303,8,307,8,314,8,227,8,307,9,303,8,222,8,301,9,222,9,322,8,229,9,306,9,306,8,308,9,,,,,,
î‘çÜ,ínì_ñº,1976,rm,1977,rm,1978,rm,1979,rm,1980,rm,1981,rm,1982,rm,1983,rm,1984,rm,1985,rm,1986,rm,1987,rm,1988,rm,1989,rm,1990,rm,1991,rm,1992,rm,1993,rm,1994,rm,1995,rm,,,,,,
662,ìåãû,222,8,301,8,303,8,305,8,305,8,305,8,311,8,310,8,-,-,315,8,304,9,315,9,310,9,310,9,226,9,224,9,223,9,306,9,228,9,-,-,,,,,,
663,îˆòh,223,8,228,8,225,8,212,8,302,8,309,8,219,8,304,8,309,8,302,8,309,9,210,9,229,9,228,8,220,8,305,9,305,9,225,9,301,9,322,9,,,,,,
670,â°ïl,224,8,314,8,315,8,211,8,304,8,313,8,226,8,316,8,407,8,303,8,308,9,317,8,310,9,313,8,306,9,401,9,-,-,323,8,330,9,411,9,,,,,,
672,äŸéR,328,8,404,8,306,8,216,8,310,8,315,8,322,8,304,8,320,8,302,8,328,9,312,9,314,9,307,9,226,8,319,9,307,9,219,8,222,9,315,9,,,,,,
675,ëÂìá,218,8,214,8,209,8,205,8,223,8,213,8,131,8,130,8,216,8,205,8,217,8,207,8,211,9,124,9,218,8,214,8,217,9,210,9,211,9,202,9,,,,,,
677,éOëÓìá,218,8,210,8,208,8,125,8,214,8,129,8,126,8,117,8,216,8,212,8,131,8,204,8,104,8,106,9,208,9,211,9,112,8,114,8,119,8,220,8,,,,,,
678,î™è‰ìá,202,8,128,8,121,8,112,8,204,8,130,8,127,8,128,8,201,8,124,8,214,9,129,8,120,9,117,9,124,9,127,9,122,9,110,9,108,9,212,9,,,,,,
740,êºãΩ,-,-,-,-,-,-,-,-,-,-,-,-,-,-,-,-,-,-,-,-,-,-,-,-,202,8,204,9,223,8,214,8,212,8,219,9,220,8,213,8,,,,,,
741,èºç],303,8,326,8,319,8,308,8,221,8,328,8,304,8,309,8,310,8,315,8,213,8,214,8,313,9,215,9,220,8,305,9,214,9,304,9,217,9,302,9,,,,,,
744,ïƒéq,307,8,319,8,315,8,306,8,311,8,402,8,309,8,303,8,318,8,305,8,224,9,209,9,312,9,224,9,226,9,306,9,228,8,305,9,312,9,311,9,,,,,,
746,íπéÊ,307,8,327,8,305,8,214,8,305,8,329,8,227,8,306,8,414,8,308,8,313,9,212,9,310,9,310,9,306,9,309,9,307,9,323,9,226,9,309,9,,,,,,
747,ñLâ™,317,8,-,-,401,8,301,8,328,8,403,8,314,8,316,8,329,8,316,8,329,9,317,9,319,9,302,9,314,9,329,9,302,9,311,9,309,9,321,9,,,,,,
750,ïëíﬂ,317,8,313,8,319,8,213,8,308,8,220,8,225,8,306,8,328,8,315,8,317,9,226,9,319,9,228,9,227,9,313,9,303,9,305,9,313,9,312,9,,,,,,
755,ïlìc,304,8,323,8,320,8,305,8,317,8,318,8,322,8,315,8,412,8,323,8,401,9,217,9,324,9,303,9,304,9,312,9,315,8,322,8,308,8,328,8,,,,,,
759,ãûìs,-,-,-,-,325,8,307,8,301,8,320,8,310,8,305,8,317,8,217,8,208,8,219,8,220,8,225,8,220,9,307,9,320,9,206,8,403,8,215,9,,,,,,
761,ïFç™,322,8,319,8,-,-,220,8,215,8,303,8,223,8,226,8,322,8,227,8,223,9,211,9,308,9,228,9,225,9,211,9,218,8,303,8,303,9,303,9,,,,,,
762,â∫ä÷,310,8,227,8,316,8,317,8,310,8,318,8,225,8,308,8,328,8,304,8,303,9,314,9,325,9,304,9,304,9,304,9,315,9,310,9,321,9,318,9,,,,,,
765,çLìá,303,8,317,8,-,-,-,-,227,8,-,-,316,8,306,8,304,8,310,8,326,9,304,9,320,9,317,9,310,9,319,8,229,8,227,9,315,9,402,9,,,,,,
768,â™éR,-,-,-,-,-,-,-,-,-,-,-,-,-,-,-,-,-,-,-,-,-,-,-,-,-,-,-,-,-,-,306,9,304,9,219,9,216,9,313,9,,,,,,
770,ê_åÀ,216,8,311,8,315,8,220,8,303,8,302,8,311,8,228,8,331,8,310,8,-,-,403,8,310,8,315,8,320,8,301,8,301,8,322,8,314,8,322,8,,,,,,
772,ëÂç„,-,-,-,-,-,-,-,-,-,-,-,-,-,-,-,-,-,-,-,-,-,-,-,-,-,-,-,-,-,-,-,-,-,-,-,-,-,-,-,-,,,,,,
776,èFñ{,229,8,309,8,303,8,217,8,316,8,315,8,306,8,302,8,318,8,214,8,310,9,211,8,317,9,302,8,309,9,312,8,228,9,301,9,228,9,322,9,,,,,,
777,òaâÃéR,-,-,314,8,306,8,306,8,306,8,322,8,308,8,320,8,407,8,307,8,302,8,219,8,316,9,311,9,311,9,218,9,227,8,309,9,302,9,324,9,,,,,,
778,í™ñ¶,116,8,225,8,317,8,213,8,311,8,312,8,218,8,307,8,301,8,303,8,313,9,224,9,313,9,222,9,225,9,304,9,301,9,227,9,222,9,222,9,,,,,,
780,ìﬁó«,213,8,228,8,309,8,311,8,306,8,312,8,223,8,222,8,308,8,226,8,316,9,220,8,312,8,111,9,309,9,301,9,227,8,305,9,301,9,228,9,,,,,,
800,åµå¥,308,8,309,8,217,8,214,8,225,8,319,8,222,8,227,8,323,8,306,8,417,9,304,9,309,9,208,9,219,9,310,9,223,9,219,9,213,9,227,9,,,,,,
807,ïüâ™,303,8,301,8,302,8,228,8,221,8,224,8,310,8,227,8,317,8,310,8,309,9,309,9,222,9,221,9,223,8,314,9,228,9,309,9,213,9,307,9,,,,,,
813,ç≤âÍ,316,8,316,8,303,8,224,8,123,8,303,8,211,8,227,8,218,8,206,8,209,8,213,8,302,8,226,9,212,9,313,8,310,9,220,8,222,9,222,8,,,,,,
815,ëÂï™,228,8,225,8,228,8,215,8,306,8,309,8,217,8,211,8,228,8,216,8,222,9,209,9,219,9,216,9,210,9,211,9,204,9,217,9,213,9,222,9,,,,,,
817,í∑çË,306,8,315,8,311,8,221,8,303,8,311,8,311,8,314,8,309,8,303,8,315,9,314,9,310,9,224,9,212,9,320,9,-,-,314,8,304,9,302,9,,,,,,
819,åFñ{,311,8,316,8,227,8,224,8,213,8,216,8,309,8,307,8,325,8,218,8,308,9,214,9,218,9,303,9,213,9,305,9,228,9,304,9,224,9,302,8,,,,,,
822,âÑâ™,224,8,228,8,304,8,224,8,312,8,308,8,312,8,322,8,324,8,302,8,224,8,210,8,313,9,213,9,227,8,227,8,306,9,219,8,309,9,228,9,,,,,,
827,é≠éôìá,221,8,228,8,209,8,212,8,306,8,215,8,313,8,305,8,304,8,307,8,306,9,224,9,311,9,121,9,225,9,309,9,227,8,311,9,305,9,315,9,,,,,,
830,ã{çË,-,-,223,8,-,-,206,8,227,8,308,8,127,8,225,8,316,8,205,8,219,9,211,9,223,9,220,9,216,9,306,9,221,9,214,9,223,9,310,9,,,,,,
836,âÆãvìá,-,-,-,-,-,-,-,-,-,-,-,-,-,-,-,-,-,-,-,-,-,-,-,-,-,-,-,-,-,-,-,-,-,-,-,-,-,-,-,-,,,,,,
837,éÌéqìá,215,8,302,8,208,8,209,8,306,8,307,8,227,8,215,8,216,8,217,8,215,8,209,8,225,8,218,9,217,8,302,8,310,9,208,9,228,9,221,8,,,,,,
843,ïüç],305,8,309,8,313,8,226,8,222,8,213,8,130,8,216,8,222,8,226,8,218,9,222,9,225,9,207,8,209,9,221,9,229,9,216,8,215,8,301,9,,,,,,
887,èºéR,-,-,-,-,-,-,-,-,-,-,-,-,-,-,204,8,313,8,313,8,309,8,319,9,313,9,223,8,307,8,304,9,304,9,302,9,215,9,309,9,,,,,,
891,çÇèº,-,-,-,-,-,-,-,-,-,-,-,-,-,-,-,-,-,-,-,-,-,-,-,-,-,-,-,-,-,-,-,-,-,-,-,-,-,-,-,-,,,,,,
892,âFòaìá,224,8,226,8,305,8,211,8,301,8,317,8,306,8,305,8,326,8,310,8,402,8,223,9,306,9,220,8,227,8,306,9,304,8,220,9,219,9,307,9,,,,,,
893,çÇím,-,-,-,-,-,-,212,8,222,8,308,8,221,8,304,8,311,8,226,8,310,9,220,9,302,9,223,9,225,9,302,9,304,9,305,9,303,9,301,9,,,,,,
895,ìøìá,-,-,-,-,-,-,-,-,-,-,-,-,-,-,-,-,-,-,-,-,-,-,-,-,-,-,-,-,-,-,-,-,-,-,-,-,-,-,-,-,,,,,,
909,ñºê£,214,8,225,8,320,8,310,8,112,8,303,8,325,8,224,8,321,8,305,8,219,8,308,8,212,8,214,9,309,9,310,9,229,9,307,9,312,9,404,9,,,,,,
912,ó^ìﬂçëìá,321,8,313,8,125,8,208,8,-,-,-,-,220,8,127,8,314,8,217,8,306,9,213,9,213,9,305,9,311,9,315,9,311,9,216,9,213,9,306,9,,,,,,
917,êºï\ìá,204,8,209,8,227,8,218,8,128,8,123,8,202,8,212,8,129,8,226,8,225,9,216,9,127,9,227,9,223,9,119,8,120,8,214,9,218,9,223,9,,,,,,
918,êŒä_ìá,209,8,224,8,226,8,208,8,101,8,208,8,220,8,318,8,319,8,224,8,115,9,216,9,212,9,314,9,302,9,309,8,309,8,227,9,319,9,303,9,,,,,,
927,ã{å√ìá,210,8,223,8,215,8,210,8,202,8,212,8,219,8,217,8,212,8,226,8,213,9,218,8,207,9,221,8,219,9,226,9,220,9,216,9,221,8,218,8,,,,,,
929,ãvïƒìá,315,8,312,8,205,8,-,-,305,8,214,8,216,8,302,8,221,8,212,8,214,9,210,9,224,9,216,9,213,9,302,9,214,9,303,9,311,9,312,9,,,,,,
936,ìﬂîe,217,8,224,8,224,8,224,8,301,8,310,8,218,8,222,8,219,8,219,8,217,9,303,9,223,9,302,9,218,9,226,9,227,9,214,9,217,9,303,9,,,,,,
940,ñºåÏ,-,-,121,8,211,8,310,8,123,8,101,8,103,8,222,8,213,8,225,8,302,9,304,9,221,9,1220,9,203,9,215,9,303,9,217,9,222,9,222,9,,,,,,
945,ìÏëÂìåìá,-,-,-,-,-,-,-,-,-,-,-,-,-,-,-,-,-,-,-,-,-,-,-,-,-,-,-,-,-,-,-,-,313,9,-,-,-,-,320,9,,,,,,
î‘çÜ,ínì_ñº,1996,rm,1997,rm,1998,rm,1999,rm,2000,rm,2001,rm,2002,rm,2003,rm,2004,rm,2005,rm,2006,rm,2007,rm,2008,rm,2009,rm,2010,rm,2011,rm,2012,rm,2013,rm,2014,rm,2015,rm,,,,,,
401,ítì‡,426,9,426,9,424,9,426,9,504,9,421,9,420,9,424,9,501,9,427,9,428,9,425,9,421,9,424,9,508,9,505,9,417,9,505,9,423,9,425,9,,,,,,
406,óØñG,-,-,-,-,-,-,-,-,-,-,-,-,-,-,-,-,-,-,-,-,-,-,-,-,-,-,-,-,-,-,-,-,-,-,-,-,-,-,-,-,,,,,,
407,àÆêÏ,-,-,-,-,-,-,-,-,-,-,-,-,-,-,-,-,-,-,-,-,-,-,-,-,-,-,-,-,-,-,-,-,-,-,-,-,-,-,-,-,,,,,,
409,ñ‘ëñ,525,9,510,9,421,8,502,8,507,9,-,-,507,9,-,-,507,9,501,9,429,9,501,9,505,8,501,9,501,9,506,9,428,9,512,8,508,9,514,9,,,,,,
412,éDñy,-,-,-,-,-,-,-,-,-,-,-,-,-,-,-,-,-,-,-,-,-,-,-,-,-,-,-,-,-,-,-,-,-,-,-,-,-,-,-,-,,,,,,
413,ä‚å©ëÚ,-,-,-,-,-,-,-,-,-,-,-,-,-,-,-,-,-,-,-,-,-,-,-,-,-,-,-,-,-,-,-,-,-,-,-,-,-,-,-,-,,,,,,
417,ë—çL,-,-,-,-,-,-,-,-,-,-,-,-,-,-,-,-,-,-,-,-,-,-,-,-,-,-,-,-,-,-,-,-,-,-,-,-,-,-,-,-,,,,,,
418,ã˙òH,-,-,-,-,-,-,-,-,-,-,-,-,-,-,-,-,-,-,-,-,-,-,-,-,-,-,-,-,-,-,-,-,-,-,-,-,-,-,-,-,,,,,,
420,ç™é∫,-,-,-,-,-,-,-,-,-,-,-,-,-,-,-,-,-,-,-,-,-,-,-,-,-,-,-,-,-,-,-,-,-,-,-,-,-,-,-,-,,,,,,
423,é∫óñ,424,8,420,8,420,8,429,8,426,8,417,8,411,8,418,8,416,8,426,8,417,8,423,8,420,8,407,8,418,8,420,8,419,8,419,8,422,8,422,8,,,,,,
426,âYâÕ,416,9,428,9,415,9,413,9,424,9,415,9,403,9,413,9,427,9,428,9,425,9,421,9,422,9,413,9,-,-,-,-,-,-,-,-,-,-,-,-,,,,,,
428,ç]ç∑,419,9,415,9,406,9,412,9,419,9,418,9,411,9,413,9,405,9,501,9,415,9,409,9,-,-,-,-,-,-,-,-,-,-,-,-,-,-,-,-,,,,,,
430,îüäŸ,423,9,427,9,422,9,420,9,422,9,418,9,403,9,410,9,416,9,505,9,418,9,418,9,416,9,414,9,422,9,426,9,415,9,429,9,417,9,421,9,,,,,,
433,ã‰ímà¿,430,9,430,9,420,9,422,9,429,9,419,9,413,9,502,9,423,9,425,9,503,9,-,-,-,-,-,-,-,-,-,-,-,-,-,-,-,-,-,-,,,,,,
435,ñ‰ï ,-,-,-,-,-,-,-,-,-,-,-,-,-,-,-,-,-,-,-,-,-,-,-,-,-,-,-,-,-,-,-,-,-,-,-,-,-,-,-,-,,,,,,
440,çLîˆ,507,8,417,8,417,8,-,-,-,-,-,-,-,-,-,-,-,-,-,-,-,-,-,-,-,-,-,-,-,-,-,-,-,-,-,-,-,-,-,-,,,,,,
520,êVèØ,-,-,-,-,-,-,-,-,-,-,-,-,-,-,-,-,-,-,-,-,-,-,-,-,-,-,-,-,-,-,-,-,-,-,-,-,-,-,-,-,,,,,,
575,ê¬êX,426,9,505,9,411,9,417,9,419,9,416,9,408,9,415,9,410,9,422,9,421,9,410,9,406,9,406,9,412,9,515,8,520,9,511,9,516,9,502,9,,,,,,
581,î™åÀ,428,9,423,9,411,9,522,9,512,8,409,8,529,9,514,9,510,9,505,8,522,9,420,9,-,-,-,-,-,-,-,-,-,-,-,-,-,-,-,-,,,,,,
582,èHìc,420,9,416,9,416,8,411,9,422,9,407,9,404,9,416,9,408,9,419,9,420,9,419,9,421,9,403,9,411,9,415,9,410,9,412,9,414,9,422,9,,,,,,
584,ê∑â™,325,8,416,8,328,9,325,8,418,8,328,8,323,8,415,8,322,8,318,8,409,8,321,8,309,9,323,8,405,9,410,8,412,8,416,9,415,8,331,9,,,,,,
585,ã{å√,321,9,404,8,406,8,331,8,404,8,326,8,325,8,402,8,327,8,324,8,402,8,402,8,-,-,-,-,-,-,-,-,-,-,-,-,-,-,-,-,,,,,,
587,éìc,410,9,420,9,404,9,425,9,409,9,408,9,411,9,502,9,414,9,501,9,-,-,418,9,429,9,411,9,-,-,-,-,-,-,-,-,-,-,-,-,,,,,,
588,éRå`,416,9,406,8,413,9,401,9,409,9,404,8,324,9,322,9,317,9,415,9,413,8,422,8,410,9,409,9,406,9,503,8,416,9,413,9,403,9,317,9,,,,,,
590,êÂë‰,312,9,227,9,302,9,314,9,323,9,304,9,302,9,315,9,302,9,308,9,306,9,303,9,311,9,326,9,223,9,-,-,328,9,413,9,324,9,325,9,,,,,,
595,ïüìá,310,9,307,8,319,8,305,9,320,8,312,9,318,9,322,9,316,9,317,9,305,8,212,8,304,9,303,9,309,9,329,9,325,9,401,9,413,9,326,9,,,,,,
597,îíâÕ,329,8,404,9,-,-,-,-,-,-,-,-,-,-,-,-,-,-,-,-,-,-,-,-,-,-,-,-,-,-,-,-,-,-,-,-,-,-,-,-,,,,,,
598,è¨ñºïl,311,8,311,9,313,9,314,9,329,9,402,9,321,9,313,9,317,9,322,9,312,9,302,9,309,9,-,-,-,-,-,-,-,-,-,-,-,-,-,-,,,,,,
600,ó÷ìá,320,9,307,9,319,9,303,9,311,9,306,9,306,9,312,9,317,9,316,9,309,9,227,9,229,9,304,9,312,9,-,-,-,-,-,-,-,-,-,-,,,,,,
602,ëäêÏ,225,9,308,9,303,9,307,9,315,9,303,9,317,9,301,9,305,8,322,8,316,8,222,9,-,-,-,-,-,-,-,-,-,-,-,-,-,-,-,-,,,,,,
604,êVäÉ,413,9,227,8,315,9,412,9,321,8,-,-,-,-,-,-,-,-,-,-,-,-,305,8,317,9,-,-,-,-,-,-,403,9,406,9,324,9,317,9,,,,,,
605,ã‡ëÚ,408,9,329,9,330,9,328,9,410,9,402,9,322,9,416,9,324,9,319,9,328,9,220,9,324,9,408,9,225,9,-,-,306,9,327,9,328,9,329,9,,,,,,
607,ïxéR,331,9,313,9,303,9,326,9,-,-,314,9,311,8,406,9,317,9,401,9,327,9,301,9,310,9,304,9,320,9,328,9,320,9,402,9,325,8,330,8,,,,,,
610,í∑ñÏ,318,9,319,9,322,9,325,9,323,9,324,9,319,9,325,9,329,9,324,9,322,9,326,8,326,8,316,9,323,9,407,9,406,9,321,9,328,9,330,9,,,,,,
612,çÇìc,404,9,402,9,408,8,411,9,409,8,416,8,318,8,410,9,329,9,406,8,410,8,323,8,-,-,-,-,-,-,-,-,-,-,-,-,-,-,-,-,,,,,,
615,âFìsã{,315,9,301,9,321,8,304,9,319,9,316,8,309,8,311,8,316,9,316,8,310,9,301,9,312,9,316,9,303,9,316,9,314,9,310,9,310,9,306,8,,,,,,
616,ïüà‰,320,9,305,9,228,9,304,9,305,9,303,9,224,9,403,9,411,9,404,9,417,9,227,8,316,9,224,9,317,9,411,9,410,9,308,9,319,9,320,9,,,,,,
617,çÇéR,418,9,410,9,330,9,412,9,407,9,402,9,401,9,409,9,405,9,414,9,-,-,-,-,-,-,-,-,-,-,-,-,-,-,-,-,-,-,-,-,,,,,,
618,èºñ{,418,9,310,9,319,9,328,9,423,8,408,8,419,8,411,8,329,9,403,9,402,8,318,8,-,-,-,-,-,-,-,-,-,-,-,-,-,-,-,-,,,,,,
624,ëOã¥,227,9,305,9,318,9,302,8,307,9,323,9,314,9,220,9,317,9,322,9,323,8,219,9,309,9,310,9,315,9,328,8,416,9,-,-,409,9,306,9,,,,,,
626,åFíJ,325,9,301,9,322,9,316,9,313,8,327,9,322,8,326,9,316,8,313,9,214,9,213,9,229,9,302,9,223,9,222,9,222,9,228,9,228,9,304,9,,,,,,
629,êÖåÀ,321,9,312,9,227,9,314,9,307,9,306,8,228,8,304,8,311,9,315,9,311,9,228,9,312,9,318,8,-,-,314,8,314,8,319,8,323,8,317,8,,,,,,
631,ì÷âÍ,-,-,401,8,401,9,-,-,-,-,323,8,303,9,327,9,326,8,-,-,-,-,-,-,-,-,-,-,-,-,-,-,-,-,-,-,-,-,-,-,,,,,,
632,äÚïå,306,9,313,9,311,9,-,-,317,9,309,9,311,9,313,9,321,9,315,8,309,9,309,9,312,9,308,9,319,9,317,9,314,9,314,9,317,9,303,9,,,,,,
636,ñºå√âÆ,318,8,228,8,225,9,310,9,323,9,313,9,314,9,323,9,323,9,322,9,306,9,310,8,313,9,319,8,312,8,331,9,327,9,319,9,314,8,313,8,,,,,,
637,î—ìc,306,8,402,8,311,9,319,9,318,8,318,9,316,9,403,9,316,9,322,8,412,9,-,-,-,-,-,-,-,-,-,-,-,-,-,-,-,-,-,-,,,,,,
638,çbï{,317,9,328,9,325,9,311,9,229,9,327,9,222,8,328,9,221,9,320,9,227,9,324,9,308,9,311,9,316,8,315,8,319,9,316,9,-,-,322,9,,,,,,
648,í∂éq,211,9,227,9,228,9,217,9,213,9,306,9,226,9,308,9,213,9,227,9,203,9,207,9,305,9,309,9,317,9,308,9,306,9,306,9,317,9,316,9,,,,,,
651,í√,314,9,305,9,227,9,321,9,322,9,319,9,320,9,327,9,317,9,-,-,316,9,214,9,313,9,318,9,312,9,323,9,327,9,307,9,324,9,227,9,,,,,,
654,ïlèº,304,9,310,8,308,8,304,8,229,9,319,8,319,9,-,-,226,9,323,9,-,-,-,-,-,-,-,-,-,-,-,-,-,-,-,-,-,-,-,-,,,,,,
656,ê√â™,314,8,-,-,301,9,316,9,321,8,329,8,-,-,321,8,-,-,-,-,308,9,319,9,311,8,312,8,222,8,-,-,322,8,326,9,314,9,315,9,,,,,,
î‘çÜ,ínì_ñº,1996,rm,1997,rm,1998,rm,1999,rm,2000,rm,2001,rm,2002,rm,2003,rm,2004,rm,2005,rm,2006,rm,2007,rm,2008,rm,2009,rm,2010,rm,2011,rm,2012,rm,2013,rm,2014,rm,2015,rm,,,,,,
662,ìåãû,-,-,-,-,-,-,304,9,312,9,-,-,-,-,-,-,-,-,-,-,-,-,-,-,-,-,-,-,-,-,-,-,-,-,-,-,-,-,-,-,,,,,,
663,îˆòh,302,9,311,9,313,8,302,8,221,8,222,9,310,9,323,9,322,9,314,8,308,9,219,8,-,-,-,-,-,-,-,-,-,-,-,-,-,-,-,-,,,,,,
670,â°ïl,402,9,305,9,310,9,317,8,315,9,321,8,308,8,319,9,308,9,322,9,305,8,322,8,309,9,403,9,316,8,302,8,328,9,307,8,-,-,317,9,,,,,,
672,äŸéR,223,8,304,8,222,9,302,9,317,8,310,9,227,9,324,9,225,9,301,9,302,9,-,-,-,-,-,-,-,-,-,-,-,-,-,-,-,-,-,-,,,,,,
675,ëÂìá,213,9,210,9,213,9,201,9,214,8,203,9,220,9,214,9,212,9,215,8,212,9,205,9,228,8,209,8,-,-,-,-,-,-,-,-,-,-,-,-,,,,,,
677,éOëÓìá,120,8,211,9,212,9,209,9,203,9,-,-,-,-,-,-,-,-,-,-,-,-,-,-,-,-,-,-,-,-,-,-,-,-,-,-,-,-,-,-,,,,,,
678,î™è‰ìá,123,9,110,9,105,9,127,9,119,9,222,9,206,9,204,9,101,9,210,8,215,9,203,9,120,9,131,9,-,-,-,-,-,-,-,-,-,-,-,-,,,,,,
740,êºãΩ,225,8,219,8,215,8,227,8,303,8,217,8,206,8,214,8,216,8,222,8,224,9,220,8,229,8,-,-,-,-,-,-,-,-,-,-,-,-,-,-,,,,,,
741,èºç],213,8,306,8,216,9,302,9,311,8,306,8,303,8,314,9,313,9,311,9,220,9,223,9,303,9,215,9,304,9,-,-,307,9,315,9,318,9,222,9,,,,,,
744,ïƒéq,227,9,306,9,226,8,306,9,312,9,312,9,302,9,317,9,219,9,308,8,307,8,217,9,309,9,-,-,-,-,-,-,-,-,-,-,-,-,-,-,,,,,,
746,íπéÊ,306,9,310,9,304,9,323,9,401,9,318,9,311,9,317,9,314,9,311,9,305,9,226,9,316,9,319,9,225,9,401,9,314,9,307,9,228,9,313,9,,,,,,
747,ñLâ™,310,9,301,9,228,9,303,9,307,8,319,9,309,9,314,8,224,9,328,9,320,9,226,9,-,-,-,-,-,-,-,-,-,-,-,-,-,-,-,-,,,,,,
750,ïëíﬂ,313,9,313,9,228,9,310,9,327,9,314,9,227,9,318,9,221,9,311,9,308,9,304,9,313,9,313,9,319,9,401,9,328,9,315,9,-,-,-,-,,,,,,
755,ïlìc,305,9,315,9,302,8,304,8,303,8,222,8,228,8,315,8,229,8,316,9,308,9,225,9,-,-,-,-,-,-,-,-,-,-,-,-,-,-,-,-,,,,,,
759,ãûìs,216,8,223,9,213,8,217,9,310,9,223,9,225,8,224,9,313,8,324,9,307,9,305,9,311,9,305,9,225,9,321,9,307,9,407,9,320,9,321,9,,,,,,
761,ïFç™,317,9,309,9,227,9,301,9,307,9,303,8,304,8,319,9,303,9,312,9,310,8,222,9,325,8,309,9,301,9,331,8,329,9,312,9,319,9,312,9,,,,,,
762,â∫ä÷,326,9,305,9,225,9,224,9,304,9,316,9,222,9,320,9,219,9,228,9,219,9,221,9,317,9,311,9,225,9,323,9,314,9,312,9,222,9,313,9,,,,,,
765,çLìá,320,9,319,9,228,9,305,9,326,9,306,9,225,9,304,9,218,9,321,9,221,9,213,9,304,9,322,9,312,9,-,-,225,9,309,9,304,9,308,9,,,,,,
768,â™éR,323,9,306,9,305,9,303,9,302,9,315,9,313,9,313,8,319,9,327,9,305,9,212,9,302,9,220,9,223,9,225,9,307,9,301,9,221,8,302,8,,,,,,
770,ê_åÀ,304,8,306,8,304,8,318,8,303,9,321,9,-,-,-,-,321,9,326,9,311,9,304,9,318,9,301,8,305,9,404,9,413,9,322,9,323,9,-,-,,,,,,
772,ëÂç„,-,-,-,-,-,-,-,-,-,-,-,-,-,-,-,-,-,-,-,-,-,-,-,-,-,-,-,-,-,-,-,-,-,-,-,-,-,-,-,-,,,,,,
776,èFñ{,316,8,322,9,303,8,316,8,314,8,316,8,305,8,-,-,-,-,-,-,-,-,-,-,-,-,-,-,-,-,-,-,-,-,-,-,-,-,-,-,,,,,,
777,òaâÃéR,308,9,321,9,306,9,-,-,-,-,321,9,-,-,328,9,-,-,413,9,324,9,227,9,311,9,-,-,323,9,303,9,322,9,312,9,324,9,318,9,,,,,,
778,í™ñ¶,226,9,227,9,213,9,226,9,223,9,224,9,221,9,226,9,224,9,303,9,307,9,210,9,308,9,301,9,-,-,-,-,-,-,-,-,-,-,-,-,,,,,,
780,ìﬁó«,314,8,303,8,216,8,228,9,323,8,303,8,302,9,313,8,220,8,309,8,309,8,219,8,302,8,222,8,213,9,322,9,224,9,306,9,302,8,224,9,,,,,,
800,åµå¥,305,9,322,9,304,9,316,9,227,9,302,9,217,9,326,9,224,9,325,9,307,9,304,9,312,9,218,9,-,-,-,-,-,-,-,-,-,-,-,-,,,,,,
807,ïüâ™,303,9,301,9,218,9,306,9,321,9,309,9,224,9,314,9,321,9,308,9,323,9,312,9,221,9,306,9,208,9,309,9,306,9,225,9,219,9,306,9,,,,,,
813,ç≤âÍ,314,9,221,9,224,9,226,9,221,9,221,9,223,9,-,-,304,9,316,9,-,-,227,9,313,9,226,9,228,9,314,9,316,9,214,9,312,9,307,9,,,,,,
815,ëÂï™,214,9,210,9,212,9,207,9,213,9,215,9,207,9,221,9,212,9,217,9,221,9,206,9,218,9,204,9,202,9,215,9,201,9,226,9,221,9,214,9,,,,,,
817,í∑çË,307,9,306,9,228,9,303,9,306,9,213,9,226,9,215,9,316,9,323,9,213,9,224,9,326,9,317,9,309,9,326,9,308,9,317,9,309,9,329,9,,,,,,
819,åFñ{,221,9,228,9,219,9,304,8,225,9,307,9,223,9,219,9,213,9,211,9,302,9,220,9,221,9,313,8,225,9,227,9,303,9,227,9,226,9,215,9,,,,,,
822,âÑâ™,-,-,-,-,-,-,-,-,-,-,-,-,-,-,-,-,-,-,-,-,-,-,-,-,-,-,-,-,-,-,-,-,-,-,-,-,-,-,-,-,,,,,,
827,é≠éôìá,225,9,219,9,216,9,303,9,213,9,215,9,302,9,316,9,309,9,228,9,222,9,301,9,313,9,215,9,222,8,305,9,229,9,305,9,308,9,317,9,,,,,,
830,ã{çË,225,9,-,-,130,9,303,9,318,8,318,9,224,9,304,9,225,9,314,9,228,9,219,9,310,9,222,9,211,9,225,9,220,9,221,9,227,9,226,9,,,,,,
836,âÆãvìá,-,-,-,-,-,-,-,-,-,-,-,-,-,-,-,-,-,-,-,-,-,-,-,-,-,-,-,-,-,-,-,-,-,-,-,-,-,-,-,-,,,,,,
837,éÌéqìá,214,8,217,8,221,8,228,9,213,8,217,8,223,8,219,8,201,9,216,9,216,9,207,9,-,-,-,-,-,-,-,-,-,-,-,-,-,-,-,-,,,,,,
843,ïüç],222,9,225,9,212,9,302,9,213,9,219,9,208,9,223,9,201,9,222,9,211,9,207,9,209,9,203,8,-,-,-,-,-,-,-,-,-,-,-,-,,,,,,
887,èºéR,327,9,323,9,223,8,323,9,223,9,313,9,225,9,302,9,317,9,311,8,307,9,222,9,313,9,216,9,220,9,312,9,321,9,305,9,225,9,302,9,,,,,,
891,çÇèº,-,-,-,-,-,-,-,-,-,-,-,-,-,-,-,-,-,-,-,-,-,-,-,-,-,-,-,-,-,-,-,-,-,-,-,-,-,-,-,-,,,,,,
892,âFòaìá,216,9,302,9,208,9,304,9,207,9,223,9,203,9,311,9,209,9,308,9,-,-,-,-,-,-,-,-,-,-,-,-,-,-,-,-,-,-,-,-,,,,,,
893,çÇím,320,9,214,9,213,9,308,9,301,9,223,9,207,9,302,9,302,9,310,9,227,9,219,9,306,9,218,9,227,9,302,9,302,9,305,9,226,9,227,9,,,,,,
895,ìøìá,-,-,-,-,-,-,-,-,-,-,-,-,-,-,-,-,-,-,-,-,-,-,-,-,-,-,-,-,-,-,-,-,-,-,-,-,-,-,-,-,,,,,,
909,ñºê£,327,8,226,9,310,8,326,9,-,-,217,9,312,8,225,9,314,9,312,9,318,9,209,9,315,9,309,9,305,9,310,9,315,9,312,9,301,8,306,8,,,,,,
912,ó^ìﬂçëìá,229,9,303,9,220,9,314,9,313,8,315,8,-,-,323,8,-,-,-,-,306,9,310,9,313,9,-,-,-,-,-,-,-,-,-,-,-,-,-,-,,,,,,
917,êºï\ìá,222,9,226,9,306,9,312,9,315,9,220,9,224,9,-,-,-,-,-,-,-,-,-,-,-,-,-,-,-,-,-,-,-,-,-,-,-,-,-,-,,,,,,
918,êŒä_ìá,213,9,218,9,114,9,215,9,331,9,303,9,226,9,-,-,225,9,314,9,325,9,314,9,304,9,304,9,317,9,308,9,-,-,323,9,-,-,-,-,,,,,,
927,ã{å√ìá,225,8,319,8,215,9,303,9,214,9,218,9,223,9,308,9,309,9,221,9,222,9,219,9,309,9,218,9,303,9,227,9,304,9,222,9,213,9,323,9,,,,,,
929,ãvïƒìá,217,9,222,9,129,9,301,9,314,9,305,9,223,9,228,9,224,9,-,-,-,-,-,-,-,-,-,-,-,-,-,-,-,-,-,-,-,-,-,-,,,,,,
936,ìﬂîe,205,9,308,9,130,9,301,9,203,9,213,9,302,9,225,9,220,9,216,9,207,9,220,9,306,8,304,9,228,9,224,9,227,9,220,9,226,9,226,9,,,,,,
940,ñºåÏ,213,9,210,9,211,9,319,9,210,9,209,9,213,9,-,-,-,-,-,-,-,-,-,-,-,-,-,-,-,-,-,-,-,-,-,-,-,-,-,-,,,,,,
945,ìÏëÂìåìá,319,9,-,-,308,9,314,9,314,9,303,9,213,9,221,9,211,9,120,9,125,9,209,9,215,9,217,9,123,9,123,9,117,9,107,9,107,9,126,9,,,,,,
î‘çÜ,ínì_ñº,2016,rm,2017,rm,2018,rm,,,,,,,,,,,,,,,,,,,,,,,,,,,,,,,,,,,,,,,,
401,ítì‡,428,9,427,9,420,9,,,,,,,,,,,,,,,,,,,,,,,,,,,,,,,,,,,,,,,,
406,óØñG,-,-,-,-,-,-,,,,,,,,,,,,,,,,,,,,,,,,,,,,,,,,,,,,,,,,
407,àÆêÏ,-,-,-,-,-,-,,,,,,,,,,,,,,,,,,,,,,,,,,,,,,,,,,,,,,,,
409,ñ‘ëñ,506,9,519,9,428,9,,,,,,,,,,,,,,,,,,,,,,,,,,,,,,,,,,,,,,,,
412,éDñy,-,-,-,-,-,-,,,,,,,,,,,,,,,,,,,,,,,,,,,,,,,,,,,,,,,,
413,ä‚å©ëÚ,-,-,-,-,-,-,,,,,,,,,,,,,,,,,,,,,,,,,,,,,,,,,,,,,,,,
417,ë—çL,-,-,-,-,-,-,,,,,,,,,,,,,,,,,,,,,,,,,,,,,,,,,,,,,,,,
418,ã˙òH,-,-,-,-,-,-,,,,,,,,,,,,,,,,,,,,,,,,,,,,,,,,,,,,,,,,
420,ç™é∫,-,-,-,-,-,-,,,,,,,,,,,,,,,,,,,,,,,,,,,,,,,,,,,,,,,,
423,é∫óñ,414,8,423,8,419,8,,,,,,,,,,,,,,,,,,,,,,,,,,,,,,,,,,,,,,,,
426,âYâÕ,-,-,-,-,-,-,,,,,,,,,,,,,,,,,,,,,,,,,,,,,,,,,,,,,,,,
428,ç]ç∑,-,-,-,-,-,-,,,,,,,,,,,,,,,,,,,,,,,,,,,,,,,,,,,,,,,,
430,îüäŸ,420,9,425,9,423,9,,,,,,,,,,,,,,,,,,,,,,,,,,,,,,,,,,,,,,,,
433,ã‰ímà¿,-,-,-,-,-,-,,,,,,,,,,,,,,,,,,,,,,,,,,,,,,,,,,,,,,,,
435,ñ‰ï ,-,-,-,-,-,-,,,,,,,,,,,,,,,,,,,,,,,,,,,,,,,,,,,,,,,,
440,çLîˆ,-,-,-,-,-,-,,,,,,,,,,,,,,,,,,,,,,,,,,,,,,,,,,,,,,,,
520,êVèØ,-,-,-,-,-,-,,,,,,,,,,,,,,,,,,,,,,,,,,,,,,,,,,,,,,,,
575,ê¬êX,501,9,425,9,411,9,,,,,,,,,,,,,,,,,,,,,,,,,,,,,,,,,,,,,,,,
581,î™åÀ,-,-,-,-,-,-,,,,,,,,,,,,,,,,,,,,,,,,,,,,,,,,,,,,,,,,
582,èHìc,416,9,420,9,423,9,,,,,,,,,,,,,,,,,,,,,,,,,,,,,,,,,,,,,,,,
584,ê∑â™,401,8,403,9,316,8,,,,,,,,,,,,,,,,,,,,,,,,,,,,,,,,,,,,,,,,
585,ã{å√,-,-,-,-,-,-,,,,,,,,,,,,,,,,,,,,,,,,,,,,,,,,,,,,,,,,
587,éìc,-,-,-,-,-,-,,,,,,,,,,,,,,,,,,,,,,,,,,,,,,,,,,,,,,,,
588,éRå`,309,9,424,9,328,9,,,,,,,,,,,,,,,,,,,,,,,,,,,,,,,,,,,,,,,,
590,êÂë‰,317,9,310,9,318,9,,,,,,,,,,,,,,,,,,,,,,,,,,,,,,,,,,,,,,,,
595,ïüìá,304,8,317,8,316,8,,,,,,,,,,,,,,,,,,,,,,,,,,,,,,,,,,,,,,,,
597,îíâÕ,-,-,-,-,-,-,,,,,,,,,,,,,,,,,,,,,,,,,,,,,,,,,,,,,,,,
598,è¨ñºïl,-,-,-,-,-,-,,,,,,,,,,,,,,,,,,,,,,,,,,,,,,,,,,,,,,,,
600,ó÷ìá,-,-,-,-,-,-,,,,,,,,,,,,,,,,,,,,,,,,,,,,,,,,,,,,,,,,
602,ëäêÏ,-,-,-,-,-,-,,,,,,,,,,,,,,,,,,,,,,,,,,,,,,,,,,,,,,,,
604,êVäÉ,316,9,312,9,407,9,,,,,,,,,,,,,,,,,,,,,,,,,,,,,,,,,,,,,,,,
605,ã‡ëÚ,317,9,320,9,410,9,,,,,,,,,,,,,,,,,,,,,,,,,,,,,,,,,,,,,,,,
607,ïxéR,310,8,313,8,-,-,,,,,,,,,,,,,,,,,,,,,,,,,,,,,,,,,,,,,,,,
610,í∑ñÏ,316,9,329,9,327,9,,,,,,,,,,,,,,,,,,,,,,,,,,,,,,,,,,,,,,,,
612,çÇìc,-,-,-,-,-,-,,,,,,,,,,,,,,,,,,,,,,,,,,,,,,,,,,,,,,,,
615,âFìsã{,303,9,317,9,316,9,,,,,,,,,,,,,,,,,,,,,,,,,,,,,,,,,,,,,,,,
616,ïüà‰,318,9,312,8,-,-,,,,,,,,,,,,,,,,,,,,,,,,,,,,,,,,,,,,,,,,
617,çÇéR,-,-,-,-,-,-,,,,,,,,,,,,,,,,,,,,,,,,,,,,,,,,,,,,,,,,
618,èºñ{,-,-,-,-,-,-,,,,,,,,,,,,,,,,,,,,,,,,,,,,,,,,,,,,,,,,
624,ëOã¥,229,9,310,9,414,9,,,,,,,,,,,,,,,,,,,,,,,,,,,,,,,,,,,,,,,,
626,åFíJ,302,9,310,9,306,9,,,,,,,,,,,,,,,,,,,,,,,,,,,,,,,,,,,,,,,,
629,êÖåÀ,308,8,316,8,314,8,,,,,,,,,,,,,,,,,,,,,,,,,,,,,,,,,,,,,,,,
631,ì÷âÍ,-,-,-,-,-,-,,,,,,,,,,,,,,,,,,,,,,,,,,,,,,,,,,,,,,,,
632,äÚïå,312,9,307,9,318,9,,,,,,,,,,,,,,,,,,,,,,,,,,,,,,,,,,,,,,,,
636,ñºå√âÆ,310,9,-,-,313,8,,,,,,,,,,,,,,,,,,,,,,,,,,,,,,,,,,,,,,,,
637,î—ìc,-,-,-,-,-,-,,,,,,,,,,,,,,,,,,,,,,,,,,,,,,,,,,,,,,,,
638,çbï{,309,9,305,9,-,-,,,,,,,,,,,,,,,,,,,,,,,,,,,,,,,,,,,,,,,,
648,í∂éq,228,9,305,9,311,9,,,,,,,,,,,,,,,,,,,,,,,,,,,,,,,,,,,,,,,,
651,í√,405,9,328,9,313,9,,,,,,,,,,,,,,,,,,,,,,,,,,,,,,,,,,,,,,,,
654,ïlèº,-,-,-,-,-,-,,,,,,,,,,,,,,,,,,,,,,,,,,,,,,,,,,,,,,,,
656,ê√â™,322,8,314,8,219,8,,,,,,,,,,,,,,,,,,,,,,,,,,,,,,,,,,,,,,,,
î‘çÜ,ínì_ñº,2016,rm,2017,rm,2018,rm,,,,,,,,,,,,,,,,,,,,,,,,,,,,,,,,,,,,,,,,
662,ìåãû,-,-,-,-,-,-,,,,,,,,,,,,,,,,,,,,,,,,,,,,,,,,,,,,,,,,
663,îˆòh,-,-,-,-,-,-,,,,,,,,,,,,,,,,,,,,,,,,,,,,,,,,,,,,,,,,
670,â°ïl,309,9,319,9,314,9,,,,,,,,,,,,,,,,,,,,,,,,,,,,,,,,,,,,,,,,
672,äŸéR,-,-,-,-,-,-,,,,,,,,,,,,,,,,,,,,,,,,,,,,,,,,,,,,,,,,
675,ëÂìá,-,-,-,-,-,-,,,,,,,,,,,,,,,,,,,,,,,,,,,,,,,,,,,,,,,,
677,éOëÓìá,-,-,-,-,-,-,,,,,,,,,,,,,,,,,,,,,,,,,,,,,,,,,,,,,,,,
678,î™è‰ìá,-,-,-,-,-,-,,,,,,,,,,,,,,,,,,,,,,,,,,,,,,,,,,,,,,,,
740,êºãΩ,-,-,-,-,-,-,,,,,,,,,,,,,,,,,,,,,,,,,,,,,,,,,,,,,,,,
741,èºç],307,9,405,8,326,8,,,,,,,,,,,,,,,,,,,,,,,,,,,,,,,,,,,,,,,,
744,ïƒéq,-,-,-,-,-,-,,,,,,,,,,,,,,,,,,,,,,,,,,,,,,,,,,,,,,,,
746,íπéÊ,307,9,318,9,312,9,,,,,,,,,,,,,,,,,,,,,,,,,,,,,,,,,,,,,,,,
747,ñLâ™,-,-,-,-,-,-,,,,,,,,,,,,,,,,,,,,,,,,,,,,,,,,,,,,,,,,
750,ïëíﬂ,-,-,-,-,-,-,,,,,,,,,,,,,,,,,,,,,,,,,,,,,,,,,,,,,,,,
755,ïlìc,-,-,-,-,-,-,,,,,,,,,,,,,,,,,,,,,,,,,,,,,,,,,,,,,,,,
759,ãûìs,324,8,324,8,319,9,,,,,,,,,,,,,,,,,,,,,,,,,,,,,,,,,,,,,,,,
761,ïFç™,303,9,302,9,312,9,,,,,,,,,,,,,,,,,,,,,,,,,,,,,,,,,,,,,,,,
762,â∫ä÷,327,9,307,9,228,9,,,,,,,,,,,,,,,,,,,,,,,,,,,,,,,,,,,,,,,,
765,çLìá,306,8,310,9,313,9,,,,,,,,,,,,,,,,,,,,,,,,,,,,,,,,,,,,,,,,
768,â™éR,310,9,302,9,307,9,,,,,,,,,,,,,,,,,,,,,,,,,,,,,,,,,,,,,,,,
770,ê_åÀ,310,9,402,9,411,9,,,,,,,,,,,,,,,,,,,,,,,,,,,,,,,,,,,,,,,,
772,ëÂç„,-,-,-,-,-,-,,,,,,,,,,,,,,,,,,,,,,,,,,,,,,,,,,,,,,,,
776,èFñ{,-,-,-,-,-,-,,,,,,,,,,,,,,,,,,,,,,,,,,,,,,,,,,,,,,,,
777,òaâÃéR,317,9,330,9,315,9,,,,,,,,,,,,,,,,,,,,,,,,,,,,,,,,,,,,,,,,
778,í™ñ¶,-,-,-,-,-,-,,,,,,,,,,,,,,,,,,,,,,,,,,,,,,,,,,,,,,,,
780,ìﬁó«,215,9,324,9,312,9,,,,,,,,,,,,,,,,,,,,,,,,,,,,,,,,,,,,,,,,
800,åµå¥,-,-,-,-,-,-,,,,,,,,,,,,,,,,,,,,,,,,,,,,,,,,,,,,,,,,
807,ïüâ™,308,9,310,9,303,9,,,,,,,,,,,,,,,,,,,,,,,,,,,,,,,,,,,,,,,,
813,ç≤âÍ,310,9,216,9,220,9,,,,,,,,,,,,,,,,,,,,,,,,,,,,,,,,,,,,,,,,
815,ëÂï™,217,9,214,9,227,9,,,,,,,,,,,,,,,,,,,,,,,,,,,,,,,,,,,,,,,,
817,í∑çË,320,9,322,9,314,9,,,,,,,,,,,,,,,,,,,,,,,,,,,,,,,,,,,,,,,,
819,åFñ{,213,9,301,9,214,9,,,,,,,,,,,,,,,,,,,,,,,,,,,,,,,,,,,,,,,,
822,âÑâ™,-,-,-,-,-,-,,,,,,,,,,,,,,,,,,,,,,,,,,,,,,,,,,,,,,,,
827,é≠éôìá,324,9,310,9,317,9,,,,,,,,,,,,,,,,,,,,,,,,,,,,,,,,,,,,,,,,
830,ã{çË,216,9,215,9,226,9,,,,,,,,,,,,,,,,,,,,,,,,,,,,,,,,,,,,,,,,
836,âÆãvìá,-,-,-,-,-,-,,,,,,,,,,,,,,,,,,,,,,,,,,,,,,,,,,,,,,,,
837,éÌéqìá,-,-,-,-,-,-,,,,,,,,,,,,,,,,,,,,,,,,,,,,,,,,,,,,,,,,
843,ïüç],-,-,-,-,-,-,,,,,,,,,,,,,,,,,,,,,,,,,,,,,,,,,,,,,,,,
887,èºéR,303,9,310,9,306,9,,,,,,,,,,,,,,,,,,,,,,,,,,,,,,,,,,,,,,,,
891,çÇèº,-,-,-,-,-,-,,,,,,,,,,,,,,,,,,,,,,,,,,,,,,,,,,,,,,,,
892,âFòaìá,-,-,-,-,-,-,,,,,,,,,,,,,,,,,,,,,,,,,,,,,,,,,,,,,,,,
893,çÇím,222,9,311,9,302,9,,,,,,,,,,,,,,,,,,,,,,,,,,,,,,,,,,,,,,,,
895,ìøìá,-,-,-,-,-,-,,,,,,,,,,,,,,,,,,,,,,,,,,,,,,,,,,,,,,,,
909,ñºê£,318,8,309,9,-,-,,,,,,,,,,,,,,,,,,,,,,,,,,,,,,,,,,,,,,,,
912,ó^ìﬂçëìá,-,-,-,-,-,-,,,,,,,,,,,,,,,,,,,,,,,,,,,,,,,,,,,,,,,,
917,êºï\ìá,-,-,-,-,-,-,,,,,,,,,,,,,,,,,,,,,,,,,,,,,,,,,,,,,,,,
918,êŒä_ìá,-,-,-,-,301,8,,,,,,,,,,,,,,,,,,,,,,,,,,,,,,,,,,,,,,,,
927,ã{å√ìá,403,9,319,9,305,9,,,,,,,,,,,,,,,,,,,,,,,,,,,,,,,,,,,,,,,,
929,ãvïƒìá,-,-,-,-,-,-,,,,,,,,,,,,,,,,,,,,,,,,,,,,,,,,,,,,,,,,
936,ìﬂîe,302,9,131,9,219,9,,,,,,,,,,,,,,,,,,,,,,,,,,,,,,,,,,,,,,,,
940,ñºåÏ,-,-,-,-,-,-,,,,,,,,,,,,,,,,,,,,,,,,,,,,,,,,,,,,,,,,
945,ìÏëÂìåìá,105,9,126,9,107,9,,,,,,,,,,,,,,,,,,,,,,,,,,,,,,,,,,,,,,,,
